,gambled_before,confidence_to_po,attitudes_to_gamble,attitudes_to_AU_gamble_management
0,1.0,2.8,2.0,3.0
1,1.0,3.6,2.6666666666666665,3.5
3,0.0,2.8,1.6666666666666667,4.0
4,0.0,3.0,2.6666666666666665,2.5
5,0.0,3.0,2.6666666666666665,3.5
6,0.0,2.6,2.3333333333333335,3.5
7,0.0,3.0,3.0,2.0
8,0.0,2.8,2.6666666666666665,3.5
9,1.0,2.8,1.3333333333333333,3.5
10,0.0,1.8,1.0,4.0
12,1.0,3.6,2.3333333333333335,2.5
13,0.0,2.8,1.3333333333333333,3.5
14,1.0,2.4,1.3333333333333333,2.5
16,0.0,3.0,2.3333333333333335,2.5
18,0.0,2.4,1.3333333333333333,3.0
19,0.0,2.0,2.3333333333333335,3.0
20,1.0,3.0,2.0,3.0
21,0.0,3.2,2.3333333333333335,2.5
22,0.0,2.8,2.3333333333333335,3.0
23,0.0,2.4,1.3333333333333333,3.5
24,0.0,2.6,2.3333333333333335,4.0
26,1.0,2.6,1.3333333333333333,3.0
27,0.0,2.2,1.6666666666666667,2.5
28,0.0,2.6,1.6666666666666667,3.0
29,0.0,2.6,2.0,2.0
30,0.0,2.6,2.0,2.0
31,1.0,2.0,2.3333333333333335,3.0
32,0.0,2.4,2.0,3.0
34,0.0,3.0,2.3333333333333335,4.0
35,0.0,1.8,1.6666666666666667,2.5
36,0.0,2.8,1.6666666666666667,3.5
37,0.0,3.0,2.0,3.0
38,0.0,3.2,2.0,4.0
39,0.0,2.4,2.3333333333333335,2.5
40,0.0,2.8,2.3333333333333335,3.0
41,1.0,2.8,2.3333333333333335,3.0
42,0.0,2.8,1.6666666666666667,3.5
43,0.0,2.4,2.3333333333333335,2.5
44,0.0,2.8,2.3333333333333335,2.5
45,0.0,3.4,2.6666666666666665,3.5
46,1.0,3.6,2.3333333333333335,3.0
47,0.0,2.8,2.6666666666666665,3.0
48,1.0,3.4,2.3333333333333335,1.0
49,0.0,2.0,3.6666666666666665,1.0
50,1.0,2.4,1.0,3.5
51,0.0,3.0,3.0,2.5
52,1.0,3.6,1.3333333333333333,3.5
53,1.0,2.6,2.3333333333333335,3.5
54,0.0,2.4,1.0,4.0
55,0.0,2.8,2.6666666666666665,2.5
56,0.0,2.6,3.0,2.0
59,0.0,2.2,2.6666666666666665,2.5
60,1.0,3.0,1.0,3.0
61,0.0,2.8,1.6666666666666667,3.5
62,0.0,2.2,2.0,3.0
63,0.0,2.6,2.6666666666666665,3.0
65,0.0,2.8,3.0,3.0
66,1.0,2.6,2.0,3.5
67,1.0,3.4,1.0,4.0
68,0.0,3.0,3.0,2.0
69,0.0,2.4,1.6666666666666667,3.0
71,0.0,3.0,2.3333333333333335,3.0
72,0.0,2.8,2.3333333333333335,2.0
73,0.0,2.4,2.6666666666666665,2.5
74,0.0,3.2,1.3333333333333333,3.5
75,1.0,3.2,1.6666666666666667,4.0
76,1.0,2.8,1.3333333333333333,3.0
77,1.0,3.0,1.0,3.0
78,0.0,2.6,1.0,3.5
79,1.0,3.4,1.6666666666666667,2.0
80,0.0,2.4,2.3333333333333335,2.5
81,0.0,2.4,2.3333333333333335,2.5
83,0.0,2.6,3.6666666666666665,3.0
84,0.0,3.0,2.3333333333333335,2.5
85,0.0,3.2,3.3333333333333335,2.0
86,0.0,3.2,1.3333333333333333,2.5
87,1.0,2.8,1.0,1.5
88,0.0,2.6,2.3333333333333335,2.5
89,0.0,2.8,3.3333333333333335,2.0
90,0.0,3.0,2.6666666666666665,3.0
91,0.0,2.8,2.6666666666666665,3.5
93,0.0,2.4,2.0,3.0
94,0.0,2.8,2.0,3.0
97,1.0,2.8,2.0,2.5
98,0.0,2.4,3.0,3.0
99,0.0,2.6,2.6666666666666665,2.0
100,0.0,2.8,2.0,2.0
102,0.0,2.8,3.3333333333333335,2.0
103,1.0,2.8,1.0,2.0
104,0.0,2.6,2.0,3.0
105,0.0,2.4,2.0,3.0
106,0.0,2.0,2.3333333333333335,3.0
107,1.0,2.6,1.0,4.0
108,0.0,3.8,2.6666666666666665,3.5
109,0.0,2.8,2.3333333333333335,3.0
110,1.0,3.4,1.0,3.5
111,1.0,2.4,1.3333333333333333,3.0
112,0.0,3.4,2.6666666666666665,2.0
113,0.0,2.6,2.6666666666666665,3.0
114,1.0,2.2,2.0,2.5
115,0.0,3.2,1.0,3.5
116,1.0,2.6,2.0,3.0
117,0.0,2.2,2.3333333333333335,2.0
118,0.0,3.8,1.0,2.5
119,0.0,2.4,2.0,3.0
120,0.0,2.8,2.6666666666666665,2.0
121,0.0,3.4,3.3333333333333335,1.0
122,0.0,2.4,3.0,2.5
123,1.0,3.6,3.0,2.5
124,1.0,3.2,1.6666666666666667,4.0
125,0.0,1.6,2.6666666666666665,2.0
126,0.0,1.6,2.0,2.5
127,0.0,3.2,2.3333333333333335,3.0
128,0.0,3.0,1.3333333333333333,3.0
129,0.0,3.0,2.3333333333333335,2.5
130,1.0,2.6,2.3333333333333335,2.5
131,1.0,3.0,1.0,3.0
133,0.0,3.2,1.3333333333333333,3.5
134,0.0,3.0,3.3333333333333335,2.5
135,1.0,2.2,1.6666666666666667,3.5
136,1.0,3.2,3.0,3.0
137,0.0,2.0,2.0,3.0
138,0.0,2.8,2.3333333333333335,3.0
140,1.0,2.6,1.6666666666666667,3.0
141,0.0,2.8,2.0,2.5
142,1.0,2.2,1.6666666666666667,2.0
143,1.0,2.0,3.0,2.0
144,0.0,2.6,2.6666666666666665,2.5
145,1.0,2.8,1.0,3.5
147,0.0,2.6,2.0,2.5
148,1.0,2.8,2.6666666666666665,2.5
149,0.0,2.0,2.6666666666666665,2.5
150,1.0,3.0,2.6666666666666665,3.0
151,0.0,4.0,3.0,3.0
152,1.0,3.6,2.3333333333333335,3.0
153,0.0,3.2,2.0,2.5
154,0.0,2.8,3.0,2.0
155,0.0,3.4,2.0,3.5
159,0.0,2.2,2.0,3.0
160,1.0,3.8,1.0,4.0
161,0.0,3.0,2.0,2.0
162,0.0,3.8,1.0,4.0
163,0.0,3.0,2.3333333333333335,2.5
164,1.0,2.2,2.3333333333333335,2.0
168,1.0,3.2,1.0,3.0
169,0.0,2.2,1.6666666666666667,2.5
170,1.0,2.8,2.3333333333333335,2.5
171,1.0,3.0,2.0,3.0
172,0.0,2.2,1.3333333333333333,3.5
173,0.0,2.0,1.6666666666666667,2.5
174,0.0,3.6,2.6666666666666665,3.0
175,0.0,2.8,2.0,3.0
176,0.0,3.2,3.0,2.5
177,0.0,3.2,1.3333333333333333,2.5
178,1.0,2.2,1.0,2.5
179,0.0,1.8,1.6666666666666667,2.0
180,0.0,2.0,1.6666666666666667,2.5
181,1.0,3.8,1.6666666666666667,2.5
182,0.0,2.8,2.0,3.5
184,0.0,1.8,2.3333333333333335,2.0
185,0.0,2.4,2.0,1.5
186,1.0,2.4,2.3333333333333335,2.5
187,0.0,2.6,2.3333333333333335,3.5
188,0.0,3.2,3.0,2.0
189,1.0,3.6,1.6666666666666667,3.5
190,0.0,3.2,3.3333333333333335,2.5
191,0.0,3.4,2.0,4.0
192,0.0,2.4,1.6666666666666667,3.5
193,0.0,3.0,1.6666666666666667,3.5
194,0.0,2.8,2.3333333333333335,3.5
195,0.0,3.2,2.0,3.0
196,0.0,3.0,2.6666666666666665,2.0
197,0.0,3.2,2.3333333333333335,3.0
198,0.0,1.8,3.3333333333333335,2.0
199,1.0,3.0,2.0,4.0
200,0.0,3.2,2.3333333333333335,3.0
201,0.0,3.2,1.0,3.5
203,1.0,2.2,3.6666666666666665,3.5
204,1.0,2.8,2.3333333333333335,4.0
205,0.0,2.8,3.3333333333333335,2.5
206,1.0,3.6,1.0,2.0
208,1.0,2.8,1.0,3.0
209,0.0,3.0,1.6666666666666667,3.0
210,0.0,3.6,3.0,3.5
211,0.0,2.8,1.6666666666666667,3.0
212,0.0,2.0,3.0,3.0
213,0.0,2.8,1.6666666666666667,3.0
214,1.0,2.8,2.0,3.5
216,0.0,2.4,3.3333333333333335,2.0
217,1.0,2.8,2.3333333333333335,3.0
218,0.0,2.2,1.0,2.5
219,0.0,3.4,2.0,2.5
220,0.0,3.0,2.3333333333333335,3.0
222,1.0,2.4,2.3333333333333335,2.5
223,1.0,2.6,1.6666666666666667,3.5
224,0.0,3.8,2.3333333333333335,3.5
225,0.0,3.0,2.6666666666666665,3.0
226,0.0,3.0,2.3333333333333335,3.0
227,0.0,2.4,1.6666666666666667,3.5
228,1.0,2.8,1.3333333333333333,3.0
229,0.0,3.6,2.0,2.5
230,1.0,2.6,1.6666666666666667,3.5
232,0.0,2.6,2.6666666666666665,3.0
233,1.0,2.6,1.0,3.0
234,0.0,2.8,2.3333333333333335,2.5
235,0.0,3.2,2.6666666666666665,4.0
236,1.0,3.6,1.0,4.0
239,1.0,2.6,1.6666666666666667,3.5
241,1.0,3.0,2.6666666666666665,3.0
244,0.0,2.6,1.3333333333333333,3.5
247,0.0,2.8,2.6666666666666665,3.5
248,1.0,2.4,1.3333333333333333,2.5
249,0.0,2.8,1.6666666666666667,3.0
250,0.0,2.4,2.6666666666666665,2.5
251,1.0,3.4,2.6666666666666665,4.0
253,0.0,2.8,1.6666666666666667,3.5
254,1.0,3.0,1.3333333333333333,3.0
255,0.0,2.8,2.3333333333333335,2.0
256,0.0,2.6,2.0,2.5
257,0.0,4.0,2.0,2.0
258,0.0,3.6,2.3333333333333335,2.0
259,0.0,3.0,2.6666666666666665,2.5
260,1.0,3.2,1.6666666666666667,4.0
261,0.0,2.0,2.3333333333333335,2.5
262,0.0,2.6,2.3333333333333335,1.0
263,0.0,3.4,2.0,3.5
264,0.0,3.0,2.0,2.5
265,1.0,2.6,1.3333333333333333,3.0
266,0.0,2.6,1.0,4.0
267,0.0,2.6,1.3333333333333333,3.5
268,0.0,2.6,1.0,4.0
269,0.0,3.0,2.0,4.0
270,1.0,2.4,2.6666666666666665,2.0
271,1.0,3.6,2.6666666666666665,3.5
273,0.0,2.4,2.0,2.0
274,0.0,2.8,3.3333333333333335,2.5
276,1.0,3.0,2.0,2.5
277,0.0,3.6,2.0,2.5
278,1.0,2.8,1.3333333333333333,3.5
279,0.0,2.4,2.0,3.0
280,0.0,2.8,2.0,3.5
281,0.0,2.6,2.6666666666666665,2.5
282,0.0,2.2,2.0,3.0
284,1.0,3.0,1.3333333333333333,2.0
285,0.0,3.2,2.3333333333333335,2.5
287,0.0,2.2,3.0,2.0
289,1.0,2.8,1.3333333333333333,4.0
290,0.0,2.8,2.3333333333333335,2.5
291,0.0,3.2,2.6666666666666665,3.0
292,1.0,3.0,2.3333333333333335,3.0
293,0.0,2.8,2.0,4.0
294,0.0,2.4,2.0,3.0
295,0.0,2.6,2.0,2.5
296,0.0,2.6,1.0,4.0
297,1.0,3.4,1.6666666666666667,2.5
298,1.0,2.6,2.3333333333333335,2.5
299,0.0,2.8,1.3333333333333333,2.5
300,1.0,2.2,1.0,3.5
301,0.0,3.0,2.0,3.5
302,1.0,3.4,3.0,2.0
303,0.0,2.4,2.3333333333333335,2.0
304,1.0,2.6,2.0,3.5
305,0.0,2.4,1.3333333333333333,3.0
306,0.0,2.4,2.0,2.0
307,0.0,2.2,3.3333333333333335,3.0
308,1.0,2.6,1.6666666666666667,2.5
309,0.0,3.6,2.0,2.5
310,1.0,2.8,1.6666666666666667,3.5
311,0.0,2.8,2.6666666666666665,2.0
312,0.0,3.2,1.6666666666666667,3.5
313,0.0,2.8,2.6666666666666665,2.5
314,0.0,2.8,2.0,3.5
315,0.0,2.8,1.3333333333333333,4.0
316,1.0,3.0,2.3333333333333335,3.5
317,0.0,2.2,2.3333333333333335,4.0
318,0.0,3.2,3.0,3.0
319,1.0,1.4,2.3333333333333335,2.0
320,0.0,2.4,2.0,2.5
321,0.0,2.8,2.6666666666666665,2.5
322,0.0,2.4,2.3333333333333335,3.5
323,0.0,2.6,1.6666666666666667,3.5
324,0.0,3.2,2.0,3.0
325,0.0,2.6,1.3333333333333333,3.5
326,0.0,3.0,2.3333333333333335,2.0
327,0.0,2.6,2.0,3.0
328,0.0,2.6,2.0,4.0
329,1.0,3.6,2.0,3.0
330,1.0,2.8,1.0,3.5
332,1.0,3.2,2.3333333333333335,4.0
333,1.0,3.2,1.6666666666666667,3.5
334,0.0,2.4,2.0,3.0
335,1.0,2.0,2.3333333333333335,3.0
336,0.0,2.8,2.6666666666666665,3.0
337,0.0,2.4,2.3333333333333335,3.0
338,0.0,3.6,3.3333333333333335,2.0
339,0.0,3.2,1.6666666666666667,3.5
340,1.0,2.8,2.0,4.0
341,0.0,2.6,3.3333333333333335,1.5
342,0.0,2.8,2.3333333333333335,3.0
344,0.0,3.0,2.0,3.0
345,0.0,2.6,2.3333333333333335,2.5
346,0.0,2.8,2.6666666666666665,3.0
347,0.0,3.8,2.6666666666666665,3.0
348,1.0,2.4,1.0,2.5
350,0.0,2.8,2.0,3.0
351,1.0,3.0,1.0,3.0
352,0.0,2.6,2.0,3.5
354,0.0,2.4,3.0,2.5
355,1.0,4.0,2.6666666666666665,2.5
356,0.0,2.6,3.3333333333333335,2.5
357,1.0,2.8,1.0,4.0
359,0.0,1.6,1.0,3.5
360,0.0,2.8,2.6666666666666665,1.0
361,0.0,2.2,3.0,3.0
362,0.0,2.4,2.3333333333333335,3.0
363,1.0,3.4,1.3333333333333333,3.0
364,0.0,3.0,1.6666666666666667,3.0
366,0.0,3.2,3.0,2.5
367,0.0,2.6,2.3333333333333335,2.5
368,0.0,2.4,2.3333333333333335,2.0
369,0.0,3.6,2.3333333333333335,3.5
370,0.0,2.4,2.3333333333333335,3.5
371,1.0,3.0,3.0,2.0
372,0.0,1.6,2.3333333333333335,3.0
373,0.0,4.0,1.0,4.0
374,0.0,2.2,2.3333333333333335,1.5
375,1.0,2.0,1.0,2.5
376,0.0,3.6,1.6666666666666667,3.5
377,0.0,2.8,1.6666666666666667,3.5
378,0.0,2.6,1.0,3.5
380,0.0,2.2,1.6666666666666667,2.0
381,1.0,1.2,1.0,2.0
382,0.0,2.8,2.3333333333333335,3.0
383,0.0,2.6,2.3333333333333335,2.5
384,0.0,3.0,2.3333333333333335,3.0
385,1.0,2.8,2.3333333333333335,3.5
387,0.0,3.4,2.3333333333333335,3.0
388,0.0,2.6,1.0,4.0
390,0.0,2.4,3.0,2.0
391,0.0,3.4,2.3333333333333335,3.0
392,0.0,2.8,2.0,3.5
393,0.0,2.8,3.3333333333333335,2.0
394,0.0,3.8,2.3333333333333335,2.5
395,0.0,3.2,1.6666666666666667,3.5
396,0.0,1.6,2.3333333333333335,1.0
398,1.0,2.8,2.0,4.0
399,0.0,2.8,2.3333333333333335,2.0
400,0.0,2.2,2.3333333333333335,2.5
401,0.0,3.2,2.3333333333333335,2.5
402,0.0,2.4,1.6666666666666667,3.0
403,0.0,2.8,2.6666666666666665,2.0
404,0.0,2.8,2.3333333333333335,2.5
405,0.0,3.0,3.0,2.5
406,1.0,3.2,2.0,2.5
408,0.0,2.4,2.6666666666666665,3.0
409,0.0,2.6,2.0,3.5
410,0.0,2.8,2.6666666666666665,2.5
411,0.0,2.6,2.6666666666666665,2.0
412,1.0,2.6,1.0,4.0
415,1.0,3.6,1.6666666666666667,4.0
416,0.0,3.0,2.6666666666666665,3.0
418,0.0,3.0,3.0,3.0
419,0.0,2.8,2.3333333333333335,2.0
420,0.0,2.6,2.6666666666666665,2.5
421,0.0,2.8,3.0,3.0
422,0.0,3.0,1.3333333333333333,2.5
423,0.0,1.8,2.3333333333333335,3.5
424,0.0,2.2,1.3333333333333333,2.5
425,0.0,3.0,2.3333333333333335,3.0
426,1.0,2.4,2.6666666666666665,2.0
427,1.0,2.6,2.0,2.5
428,0.0,2.8,1.6666666666666667,3.0
429,0.0,2.0,2.6666666666666665,3.0
430,0.0,2.8,1.6666666666666667,3.0
431,1.0,2.4,1.0,3.0
432,0.0,2.2,2.0,2.5
433,0.0,2.6,2.0,3.0
434,1.0,2.8,2.6666666666666665,3.5
435,1.0,3.2,1.0,3.0
437,0.0,2.8,3.3333333333333335,2.5
438,0.0,2.8,2.3333333333333335,2.5
439,0.0,2.6,2.3333333333333335,3.0
440,0.0,2.6,3.0,3.0
441,1.0,3.0,2.3333333333333335,3.0
442,1.0,2.8,2.6666666666666665,3.0
444,0.0,2.8,2.3333333333333335,3.0
445,0.0,2.0,2.6666666666666665,2.5
446,0.0,2.4,2.0,2.5
447,0.0,2.4,1.0,3.0
448,0.0,3.0,1.3333333333333333,4.0
450,0.0,2.8,3.0,2.5
451,0.0,3.8,1.3333333333333333,3.5
452,1.0,1.8,1.0,2.5
453,0.0,3.4,2.3333333333333335,3.0
454,0.0,2.0,3.0,3.0
455,0.0,2.2,2.6666666666666665,3.5
456,1.0,2.8,2.0,3.0
457,0.0,3.2,2.3333333333333335,3.0
458,0.0,2.8,2.0,3.0
459,0.0,3.0,1.6666666666666667,3.5
460,0.0,2.6,2.6666666666666665,3.5
461,0.0,2.0,2.3333333333333335,3.0
462,0.0,2.8,2.6666666666666665,3.5
464,1.0,3.0,2.3333333333333335,2.5
465,1.0,3.0,2.3333333333333335,3.0
466,1.0,3.4,2.0,3.0
467,0.0,3.4,1.6666666666666667,4.0
468,1.0,2.6,1.3333333333333333,2.0
469,1.0,3.0,3.0,3.0
470,0.0,2.2,1.3333333333333333,2.5
471,1.0,3.2,1.6666666666666667,2.5
473,0.0,2.6,2.6666666666666665,3.0
474,0.0,3.0,2.3333333333333335,3.0
475,1.0,3.0,2.0,3.0
476,0.0,3.8,2.6666666666666665,2.5
477,0.0,2.4,3.0,2.0
478,0.0,3.0,2.3333333333333335,2.5
479,1.0,2.2,1.3333333333333333,3.0
480,0.0,2.6,2.6666666666666665,2.0
481,0.0,2.6,2.6666666666666665,3.0
482,1.0,3.6,2.3333333333333335,3.0
483,0.0,2.6,3.0,3.0
484,1.0,3.0,1.6666666666666667,3.0
485,1.0,2.6,2.3333333333333335,3.0
486,0.0,2.6,3.3333333333333335,2.5
487,0.0,3.8,3.0,2.5
488,0.0,3.0,3.0,2.5
489,1.0,2.4,2.3333333333333335,2.5
490,0.0,2.8,2.3333333333333335,3.0
492,1.0,2.4,1.6666666666666667,3.5
493,0.0,3.0,2.3333333333333335,3.0
494,1.0,3.2,2.3333333333333335,2.5
498,1.0,2.6,2.0,2.0
499,0.0,2.6,2.3333333333333335,3.0
500,0.0,2.2,2.6666666666666665,2.5
501,0.0,3.0,1.6666666666666667,3.5
502,1.0,2.6,1.6666666666666667,3.0
503,0.0,3.4,2.0,2.5
504,0.0,2.2,2.6666666666666665,2.0
505,0.0,2.6,2.3333333333333335,3.0
507,0.0,3.2,3.3333333333333335,3.0
508,0.0,3.0,1.3333333333333333,3.5
509,0.0,3.0,2.0,3.0
510,1.0,2.4,2.6666666666666665,3.0
511,0.0,2.6,3.3333333333333335,2.0
512,0.0,3.2,2.3333333333333335,3.0
514,0.0,3.0,2.0,2.5
515,1.0,2.6,1.0,3.5
516,1.0,3.0,1.3333333333333333,3.5
517,0.0,3.8,1.6666666666666667,3.0
518,0.0,2.4,3.3333333333333335,2.0
519,0.0,3.2,3.3333333333333335,2.0
520,0.0,2.2,1.6666666666666667,2.5
521,0.0,2.8,2.3333333333333335,3.5
522,0.0,2.4,1.3333333333333333,2.0
524,0.0,2.6,1.6666666666666667,2.5
525,0.0,2.6,2.3333333333333335,2.0
526,1.0,3.6,2.6666666666666665,2.0
527,0.0,2.8,1.3333333333333333,4.0
528,0.0,3.0,2.3333333333333335,3.0
529,0.0,2.8,2.3333333333333335,2.5
531,1.0,2.6,1.3333333333333333,3.0
533,0.0,2.8,2.0,2.5
534,0.0,2.4,1.6666666666666667,3.0
535,0.0,2.8,2.3333333333333335,2.5
536,0.0,2.6,2.0,3.0
537,0.0,2.8,2.3333333333333335,2.0
538,0.0,2.8,1.3333333333333333,3.5
539,1.0,3.6,3.3333333333333335,3.0
540,0.0,3.2,2.3333333333333335,3.5
541,1.0,4.0,1.3333333333333333,4.0
542,0.0,2.0,2.6666666666666665,3.0
545,0.0,3.0,2.3333333333333335,3.5
546,0.0,2.2,2.6666666666666665,2.0
547,0.0,3.0,1.0,4.0
548,0.0,3.0,3.0,2.0
549,0.0,3.8,3.0,2.5
550,0.0,2.6,2.0,3.5
551,0.0,2.6,2.6666666666666665,3.5
552,0.0,3.0,2.3333333333333335,3.0
553,1.0,2.6,2.0,3.5
554,0.0,3.6,2.6666666666666665,3.0
555,1.0,4.0,2.6666666666666665,4.0
556,1.0,3.2,2.0,3.5
557,0.0,2.0,1.6666666666666667,3.0
559,0.0,3.2,2.6666666666666665,3.0
560,0.0,2.6,2.0,2.5
561,1.0,3.0,2.0,3.0
562,0.0,3.2,2.3333333333333335,2.5
563,0.0,2.8,1.3333333333333333,4.0
564,0.0,2.4,2.3333333333333335,1.0
565,0.0,2.6,1.3333333333333333,4.0
566,0.0,1.6,3.0,2.0
567,0.0,3.0,2.6666666666666665,2.5
569,0.0,2.8,1.6666666666666667,4.0
570,0.0,3.2,3.3333333333333335,3.0
571,0.0,3.6,2.3333333333333335,3.5
572,0.0,3.2,2.3333333333333335,3.5
573,0.0,2.6,2.6666666666666665,2.5
574,0.0,2.6,2.3333333333333335,3.5
575,0.0,2.6,1.3333333333333333,3.0
577,0.0,3.6,1.0,4.0
578,0.0,3.0,1.6666666666666667,3.5
579,0.0,2.8,2.0,3.0
580,0.0,2.6,1.3333333333333333,3.5
581,0.0,3.0,2.0,3.0
582,0.0,3.6,1.6666666666666667,3.0
583,0.0,3.0,1.6666666666666667,1.5
584,0.0,3.2,3.3333333333333335,3.0
585,0.0,2.6,2.3333333333333335,2.5
586,0.0,2.8,1.6666666666666667,3.5
587,0.0,3.2,2.3333333333333335,3.0
588,0.0,2.0,1.6666666666666667,2.5
589,1.0,2.4,1.6666666666666667,3.0
591,0.0,3.6,3.3333333333333335,2.5
592,0.0,3.2,1.3333333333333333,3.5
593,0.0,3.0,2.3333333333333335,3.0
594,0.0,3.0,2.3333333333333335,2.0
595,0.0,2.6,1.3333333333333333,1.5
596,1.0,2.8,1.6666666666666667,2.0
598,0.0,2.0,2.6666666666666665,3.0
599,0.0,2.2,2.6666666666666665,2.0
600,1.0,2.8,1.3333333333333333,3.5
601,0.0,2.8,2.3333333333333335,3.5
602,0.0,2.6,2.0,2.5
603,0.0,2.6,2.0,2.5
605,1.0,2.4,1.6666666666666667,2.5
606,0.0,3.4,1.6666666666666667,3.0
607,0.0,2.6,3.0,3.0
609,0.0,3.2,1.0,2.0
610,1.0,3.2,1.0,3.0
611,0.0,2.8,3.3333333333333335,2.0
612,0.0,3.0,2.6666666666666665,3.0
613,0.0,4.0,2.3333333333333335,2.0
614,0.0,2.8,2.0,3.5
615,0.0,2.8,3.0,2.5
616,0.0,2.8,1.3333333333333333,4.0
617,0.0,2.0,2.6666666666666665,2.0
618,0.0,3.2,2.0,4.0
619,0.0,2.8,2.3333333333333335,3.0
620,1.0,2.2,2.3333333333333335,3.0
621,1.0,3.0,1.6666666666666667,3.5
622,0.0,2.8,2.3333333333333335,3.0
624,0.0,2.2,2.3333333333333335,2.0
625,0.0,2.2,1.6666666666666667,3.0
627,1.0,2.4,1.3333333333333333,3.5
628,0.0,2.4,2.6666666666666665,2.0
629,0.0,3.0,2.6666666666666665,2.5
630,0.0,3.2,1.3333333333333333,2.5
636,0.0,2.6,3.0,3.0
637,0.0,3.4,1.0,3.0
638,1.0,2.6,1.0,4.0
639,1.0,2.4,2.6666666666666665,3.0
640,1.0,2.4,1.3333333333333333,2.5
641,0.0,2.6,2.3333333333333335,3.0
643,0.0,3.0,2.6666666666666665,3.0
644,0.0,3.6,2.3333333333333335,3.0
645,0.0,3.8,2.3333333333333335,3.0
646,0.0,2.0,2.6666666666666665,2.0
647,0.0,3.4,2.6666666666666665,2.0
649,0.0,2.2,1.6666666666666667,2.0
650,0.0,2.4,1.6666666666666667,3.0
651,0.0,3.0,1.6666666666666667,2.0
652,0.0,2.8,2.0,3.0
653,0.0,2.4,1.3333333333333333,3.0
654,0.0,2.2,2.0,3.0
655,0.0,2.8,3.0,3.5
656,1.0,2.6,1.6666666666666667,1.0
658,0.0,2.2,2.3333333333333335,2.5
659,0.0,2.2,2.6666666666666665,2.5
660,1.0,3.0,1.6666666666666667,2.5
661,0.0,1.6,1.0,4.0
662,0.0,3.2,1.6666666666666667,3.5
663,0.0,2.6,3.0,2.0
664,0.0,3.4,2.3333333333333335,2.5
665,0.0,2.8,1.0,3.0
666,0.0,2.6,2.3333333333333335,3.0
668,1.0,2.2,2.3333333333333335,3.0
669,0.0,2.8,2.0,2.0
670,1.0,2.6,2.0,1.5
671,0.0,2.4,2.0,3.0
673,0.0,3.6,2.0,3.5
674,0.0,2.6,1.6666666666666667,3.0
675,0.0,2.0,2.3333333333333335,1.5
676,0.0,2.6,2.0,3.0
677,1.0,2.6,2.3333333333333335,2.5
678,1.0,2.8,2.3333333333333335,2.0
679,0.0,2.6,3.3333333333333335,2.5
680,0.0,3.0,2.3333333333333335,2.0
681,0.0,3.0,2.3333333333333335,3.5
682,0.0,3.2,2.0,3.0
683,0.0,3.0,3.3333333333333335,2.0
684,0.0,2.2,2.3333333333333335,3.0
686,0.0,3.4,1.0,4.0
687,0.0,3.0,3.0,2.0
688,0.0,3.2,2.0,2.5
689,1.0,2.4,1.0,4.0
690,0.0,3.0,2.6666666666666665,2.5
691,0.0,3.4,1.0,4.0
692,0.0,2.6,2.3333333333333335,2.5
693,0.0,2.6,2.3333333333333335,3.0
694,0.0,2.4,2.0,3.0
696,1.0,3.2,1.0,3.0
698,0.0,3.0,2.0,2.5
699,1.0,2.6,2.0,1.0
700,0.0,2.6,3.0,2.5
701,1.0,3.0,1.0,4.0
702,0.0,3.0,2.3333333333333335,3.0
703,0.0,3.8,2.0,3.5
704,1.0,2.4,2.3333333333333335,3.0
705,1.0,2.4,2.0,2.5
707,1.0,3.0,2.0,3.5
708,0.0,2.8,2.6666666666666665,3.0
709,1.0,3.0,1.0,3.0
711,1.0,3.2,3.3333333333333335,3.0
712,0.0,3.0,1.6666666666666667,3.5
713,0.0,3.0,2.3333333333333335,3.5
714,0.0,2.8,2.6666666666666665,3.5
715,1.0,3.2,1.3333333333333333,2.5
718,0.0,3.2,2.0,2.5
719,1.0,2.8,2.6666666666666665,2.0
720,0.0,2.6,2.3333333333333335,2.0
721,0.0,3.0,2.3333333333333335,2.5
723,0.0,3.2,2.6666666666666665,2.5
724,1.0,2.6,2.6666666666666665,3.0
725,1.0,2.8,1.0,4.0
726,0.0,3.4,2.6666666666666665,2.0
727,1.0,2.6,1.0,3.0
728,0.0,2.0,2.0,2.5
729,0.0,2.2,1.6666666666666667,2.0
730,0.0,3.2,2.3333333333333335,3.0
731,1.0,2.2,1.6666666666666667,4.0
732,0.0,3.8,3.0,4.0
733,0.0,3.0,1.6666666666666667,2.0
734,0.0,2.6,3.3333333333333335,3.0
735,0.0,3.0,2.6666666666666665,2.5
736,0.0,2.4,1.6666666666666667,2.5
737,1.0,2.4,1.0,3.5
738,0.0,2.0,1.6666666666666667,3.5
739,0.0,2.6,2.3333333333333335,2.5
740,0.0,2.2,2.3333333333333335,2.0
741,1.0,2.0,2.3333333333333335,3.0
742,1.0,3.6,2.0,3.0
744,1.0,2.2,2.0,2.0
745,1.0,3.6,2.3333333333333335,3.5
746,0.0,2.0,2.6666666666666665,2.0
747,1.0,2.4,2.3333333333333335,1.5
748,1.0,2.4,2.3333333333333335,3.0
750,0.0,2.0,2.6666666666666665,2.0
751,0.0,2.2,1.6666666666666667,2.0
752,0.0,3.0,1.3333333333333333,3.5
753,0.0,3.4,2.0,2.0
755,1.0,3.0,2.3333333333333335,2.0
756,0.0,2.8,3.0,2.5
758,0.0,2.6,2.6666666666666665,4.0
759,1.0,3.2,3.0,4.0
760,0.0,2.6,2.3333333333333335,2.5
761,0.0,3.0,1.6666666666666667,3.5
762,0.0,2.8,2.6666666666666665,2.5
763,0.0,2.4,2.0,2.5
764,0.0,2.4,2.3333333333333335,2.0
765,0.0,3.6,3.6666666666666665,2.0
766,1.0,2.6,1.0,4.0
767,0.0,2.4,2.0,2.5
768,0.0,2.8,1.0,4.0
769,0.0,2.6,1.6666666666666667,3.5
770,0.0,3.0,1.6666666666666667,3.0
771,0.0,2.8,1.6666666666666667,2.5
772,0.0,2.6,3.3333333333333335,2.0
773,1.0,3.0,2.3333333333333335,2.5
774,1.0,2.2,1.6666666666666667,2.0
775,0.0,2.8,3.3333333333333335,3.0
776,1.0,3.0,2.0,4.0
777,1.0,3.4,2.0,2.5
778,0.0,2.8,2.0,2.5
779,1.0,2.8,1.3333333333333333,2.5
780,1.0,2.8,2.0,3.5
781,0.0,2.6,2.0,3.0
782,1.0,2.6,1.0,4.0
783,1.0,1.8,2.0,2.0
784,0.0,2.8,2.3333333333333335,3.0
785,0.0,3.2,3.6666666666666665,2.5
786,1.0,2.0,2.3333333333333335,2.5
787,0.0,2.8,2.0,3.0
788,1.0,3.4,1.0,4.0
789,0.0,4.0,1.6666666666666667,4.0
790,0.0,3.2,2.3333333333333335,2.5
791,0.0,3.0,3.0,3.0
792,0.0,3.4,2.0,4.0
793,0.0,3.0,3.0,2.0
794,0.0,2.4,2.3333333333333335,2.0
795,0.0,2.6,3.6666666666666665,1.5
796,1.0,2.6,2.3333333333333335,2.5
798,1.0,1.8,1.0,3.5
799,0.0,3.0,1.6666666666666667,4.0
800,0.0,3.2,1.6666666666666667,3.5
801,0.0,2.4,2.6666666666666665,2.5
802,0.0,3.0,2.6666666666666665,3.0
804,0.0,2.4,3.0,3.0
805,0.0,3.0,2.0,3.0
806,1.0,3.4,2.0,2.5
807,0.0,2.2,2.0,3.5
808,0.0,2.8,2.0,3.0
809,0.0,2.6,2.3333333333333335,2.5
810,0.0,2.2,2.3333333333333335,2.0
811,0.0,3.2,3.0,3.0
812,0.0,3.2,1.3333333333333333,2.0
813,1.0,2.4,3.0,2.0
815,1.0,3.0,1.3333333333333333,2.0
816,0.0,3.2,2.6666666666666665,3.5
817,1.0,2.6,2.0,3.0
818,0.0,2.6,1.6666666666666667,3.0
819,1.0,3.4,1.3333333333333333,3.5
820,0.0,3.0,1.3333333333333333,2.5
821,0.0,3.2,2.3333333333333335,3.5
823,1.0,2.6,1.6666666666666667,2.0
824,0.0,3.4,1.0,3.5
825,0.0,2.2,1.0,3.5
826,1.0,3.2,1.6666666666666667,3.5
827,0.0,1.8,2.3333333333333335,3.0
828,0.0,3.0,2.3333333333333335,3.0
829,1.0,2.0,1.6666666666666667,2.0
830,0.0,3.8,1.6666666666666667,3.0
831,1.0,3.0,1.0,4.0
832,0.0,3.2,3.0,3.5
833,0.0,2.6,2.0,4.0
834,0.0,3.0,2.6666666666666665,3.0
835,0.0,2.0,3.0,2.0
836,0.0,3.0,3.3333333333333335,2.5
837,0.0,2.6,1.6666666666666667,3.5
839,0.0,2.8,2.0,3.5
840,0.0,3.4,3.3333333333333335,3.0
841,0.0,2.8,3.3333333333333335,2.5
842,1.0,3.4,1.3333333333333333,3.0
843,0.0,3.2,2.0,1.5
844,0.0,3.0,2.0,2.5
845,1.0,2.6,2.3333333333333335,3.5
846,1.0,1.0,1.0,3.0
847,0.0,2.4,2.6666666666666665,2.5
848,0.0,3.0,1.3333333333333333,3.5
849,1.0,3.4,2.0,4.0
850,1.0,2.2,1.0,2.0
851,0.0,2.6,2.3333333333333335,2.5
852,1.0,2.6,1.3333333333333333,3.0
853,1.0,1.8,1.6666666666666667,1.5
854,0.0,2.8,2.3333333333333335,3.0
855,1.0,3.0,2.3333333333333335,4.0
856,0.0,3.2,3.0,3.5
857,0.0,2.6,2.6666666666666665,2.0
858,0.0,3.0,3.3333333333333335,2.0
859,0.0,2.8,3.3333333333333335,2.5
860,0.0,2.6,3.0,3.0
861,0.0,2.6,2.6666666666666665,2.5
862,0.0,3.0,2.3333333333333335,3.0
863,0.0,2.2,3.6666666666666665,2.0
864,0.0,2.4,2.6666666666666665,3.0
865,0.0,2.4,2.0,3.0
866,0.0,2.8,3.0,2.5
867,0.0,2.0,1.3333333333333333,3.5
868,0.0,3.2,2.3333333333333335,3.0
869,0.0,2.6,2.0,2.5
870,0.0,2.8,1.0,3.5
871,0.0,2.6,3.0,2.5
872,0.0,2.2,1.6666666666666667,2.5
875,1.0,1.6,2.0,3.0
876,1.0,2.6,2.0,3.0
877,1.0,3.8,1.0,3.5
878,0.0,2.6,2.3333333333333335,3.5
879,0.0,3.0,2.6666666666666665,2.5
880,0.0,1.8,1.3333333333333333,2.0
881,1.0,3.6,1.0,4.0
882,0.0,3.0,2.6666666666666665,2.5
883,0.0,3.6,2.6666666666666665,2.0
884,0.0,2.8,2.0,2.5
885,0.0,2.6,1.3333333333333333,2.0
886,0.0,2.4,1.3333333333333333,3.5
887,0.0,2.4,2.0,3.5
888,0.0,3.6,2.3333333333333335,3.0
889,0.0,2.6,3.3333333333333335,2.0
891,1.0,3.0,1.0,3.5
892,0.0,3.4,1.6666666666666667,2.5
894,0.0,3.0,1.3333333333333333,3.0
896,0.0,3.2,2.0,2.5
897,0.0,2.2,2.3333333333333335,3.5
899,0.0,2.0,3.0,2.0
900,0.0,2.8,2.3333333333333335,3.0
901,1.0,3.2,2.3333333333333335,3.0
902,0.0,2.8,3.3333333333333335,2.0
904,0.0,3.2,1.6666666666666667,3.5
905,1.0,2.6,1.0,3.0
906,0.0,1.6,3.0,3.5
907,0.0,3.0,2.0,2.5
909,0.0,2.6,1.6666666666666667,4.0
910,1.0,2.8,2.0,2.5
911,1.0,3.0,2.0,2.5
912,1.0,2.6,1.6666666666666667,2.5
913,0.0,3.4,2.0,3.0
914,0.0,3.2,2.6666666666666665,2.5
915,1.0,3.2,2.6666666666666665,2.0
916,0.0,2.6,2.3333333333333335,3.0
917,0.0,2.8,3.0,2.5
918,0.0,2.8,3.0,2.5
919,1.0,3.0,1.6666666666666667,3.5
920,1.0,3.2,2.0,3.0
921,1.0,2.8,1.3333333333333333,3.0
922,0.0,2.8,2.3333333333333335,3.5
923,0.0,2.4,2.6666666666666665,2.0
924,1.0,3.2,2.6666666666666665,2.5
925,0.0,2.4,2.3333333333333335,2.5
926,1.0,2.0,2.6666666666666665,2.5
927,0.0,3.0,1.0,3.5
928,0.0,2.4,1.3333333333333333,4.0
929,0.0,2.6,2.0,3.5
930,1.0,2.8,1.3333333333333333,2.5
931,0.0,2.8,2.0,1.0
932,0.0,2.6,1.6666666666666667,2.5
933,0.0,3.0,2.0,2.5
934,0.0,2.8,2.3333333333333335,2.5
936,1.0,2.2,1.3333333333333333,2.5
937,0.0,2.6,3.6666666666666665,3.5
938,0.0,2.4,2.6666666666666665,2.5
939,0.0,2.6,2.6666666666666665,3.0
940,0.0,3.4,3.0,2.0
941,1.0,2.2,1.6666666666666667,2.5
942,0.0,2.4,3.0,2.0
943,0.0,2.6,3.0,3.0
944,0.0,3.2,2.3333333333333335,3.0
945,0.0,2.0,3.0,3.0
947,1.0,2.4,1.6666666666666667,2.0
948,0.0,3.2,1.6666666666666667,2.5
949,0.0,2.6,2.3333333333333335,3.0
950,0.0,3.0,1.0,4.0
951,0.0,2.6,2.3333333333333335,3.0
952,0.0,2.8,3.0,2.0
953,1.0,2.8,1.0,4.0
954,1.0,3.0,1.0,3.5
955,1.0,2.6,2.0,3.5
956,0.0,3.2,2.3333333333333335,2.0
957,1.0,2.2,2.3333333333333335,2.5
959,0.0,3.0,2.3333333333333335,3.0
961,1.0,2.8,1.3333333333333333,3.5
962,1.0,3.0,2.3333333333333335,3.0
963,1.0,2.8,1.6666666666666667,3.0
964,1.0,2.8,2.0,3.0
966,0.0,3.2,2.3333333333333335,2.5
967,1.0,2.8,1.0,4.0
968,0.0,2.0,2.6666666666666665,2.0
969,1.0,2.8,2.3333333333333335,3.5
971,0.0,2.8,2.3333333333333335,3.0
972,0.0,3.0,2.0,3.5
973,0.0,2.2,1.6666666666666667,3.0
974,0.0,2.8,2.3333333333333335,2.0
975,0.0,2.6,3.3333333333333335,2.5
977,0.0,3.2,2.0,2.0
978,0.0,2.4,2.3333333333333335,3.0
979,1.0,2.2,3.0,3.0
981,1.0,2.4,1.6666666666666667,3.5
982,0.0,2.6,2.3333333333333335,2.0
983,0.0,2.6,2.6666666666666665,2.0
984,0.0,3.2,1.0,2.5
985,0.0,2.6,2.0,3.5
986,1.0,2.8,1.0,4.0
987,1.0,2.4,2.0,2.5
988,0.0,3.0,2.3333333333333335,2.5
989,0.0,3.0,2.6666666666666665,2.5
990,0.0,3.0,2.3333333333333335,3.0
992,0.0,2.0,1.3333333333333333,2.5
994,1.0,2.6,1.3333333333333333,3.0
995,1.0,2.8,1.0,4.0
996,0.0,4.0,2.6666666666666665,4.0
997,0.0,2.6,2.3333333333333335,3.0
998,0.0,3.0,2.6666666666666665,3.0
999,0.0,2.6,2.6666666666666665,2.0
1001,0.0,3.0,1.3333333333333333,2.5
1002,1.0,2.8,2.6666666666666665,3.0
1003,0.0,3.0,3.3333333333333335,2.0
1004,0.0,3.0,2.3333333333333335,2.5
1005,1.0,1.6,2.3333333333333335,2.5
1006,0.0,3.0,2.3333333333333335,3.0
1010,0.0,3.2,3.3333333333333335,3.0
1011,0.0,2.8,2.6666666666666665,2.0
1012,0.0,3.4,3.0,2.5
1013,1.0,2.8,2.3333333333333335,3.0
1014,0.0,2.6,2.6666666666666665,3.5
1015,1.0,3.4,1.3333333333333333,3.0
1016,0.0,2.4,1.3333333333333333,3.5
1019,0.0,2.8,2.3333333333333335,2.0
1020,1.0,3.2,2.3333333333333335,4.0
1021,0.0,3.4,3.3333333333333335,2.0
1022,1.0,3.4,2.3333333333333335,3.5
1023,0.0,2.0,1.3333333333333333,2.0
1025,1.0,3.4,2.0,3.0
1026,1.0,2.4,2.3333333333333335,2.0
1027,0.0,2.6,3.0,2.0
1028,0.0,3.0,1.0,3.5
1029,0.0,2.6,2.3333333333333335,3.0
1030,0.0,2.2,1.6666666666666667,2.0
1031,0.0,2.4,2.3333333333333335,3.5
1032,1.0,2.6,2.0,2.0
1033,1.0,2.4,2.0,2.0
1034,0.0,2.4,2.6666666666666665,4.0
1035,1.0,2.8,2.6666666666666665,2.5
1036,1.0,2.8,1.3333333333333333,3.0
1037,1.0,2.6,2.0,3.5
1038,1.0,3.0,1.0,2.5
1039,0.0,3.0,2.0,2.5
1040,0.0,3.0,3.0,2.5
1041,0.0,2.8,2.6666666666666665,3.5
1042,1.0,2.4,1.3333333333333333,2.0
1043,1.0,3.8,1.0,2.0
1044,1.0,3.2,2.0,3.0
1045,1.0,3.0,1.3333333333333333,3.5
1046,0.0,4.0,3.3333333333333335,1.5
1048,0.0,3.2,2.3333333333333335,2.0
1049,0.0,3.0,1.6666666666666667,2.5
1050,0.0,2.4,3.3333333333333335,2.5
1051,0.0,2.8,2.0,3.5
1052,0.0,1.8,2.3333333333333335,3.5
1053,1.0,3.0,2.0,2.5
1054,1.0,2.6,3.0,2.5
1055,0.0,2.6,2.0,3.5
1056,1.0,2.4,3.3333333333333335,2.0
1057,0.0,3.6,1.3333333333333333,4.0
1058,1.0,3.0,2.0,3.5
1059,0.0,3.0,1.0,2.5
1060,1.0,3.0,2.3333333333333335,2.0
1061,0.0,2.8,1.6666666666666667,2.0
1062,1.0,2.8,2.0,4.0
1063,0.0,3.0,2.0,2.0
1064,0.0,2.6,1.3333333333333333,3.0
1065,1.0,4.0,1.6666666666666667,4.0
1066,0.0,3.6,1.0,3.5
1067,0.0,2.2,1.6666666666666667,3.5
1068,1.0,3.4,2.3333333333333335,3.5
1069,0.0,3.4,2.0,3.0
1070,0.0,2.6,2.0,3.0
1071,1.0,3.0,1.0,4.0
1072,0.0,2.6,1.3333333333333333,2.5
1073,0.0,2.6,1.6666666666666667,2.5
1074,0.0,3.6,2.0,3.5
1075,0.0,2.8,2.3333333333333335,3.5
1076,1.0,2.8,1.0,3.5
1077,1.0,2.4,1.3333333333333333,2.0
1078,0.0,2.8,1.3333333333333333,3.0
1079,0.0,2.8,1.6666666666666667,4.0
1080,0.0,4.0,2.0,3.5
1081,1.0,3.2,3.0,3.0
1082,0.0,2.4,2.3333333333333335,3.5
1083,1.0,2.6,2.6666666666666665,3.0
1084,0.0,3.4,2.3333333333333335,2.5
1085,1.0,1.8,1.6666666666666667,1.5
1086,1.0,2.6,2.3333333333333335,3.5
1087,1.0,3.0,2.0,3.0
1088,0.0,3.8,1.0,4.0
1089,1.0,3.6,1.0,3.5
1090,1.0,2.8,1.6666666666666667,3.0
1091,1.0,2.8,2.0,2.0
1092,0.0,2.8,2.3333333333333335,2.0
1093,0.0,3.4,2.6666666666666665,2.0
1096,0.0,2.6,1.0,3.5
1097,0.0,2.6,2.0,2.0
1098,0.0,2.8,1.0,3.0
1099,1.0,2.6,2.3333333333333335,2.5
1100,0.0,2.8,2.3333333333333335,2.5
1101,1.0,3.2,2.0,2.0
1102,0.0,3.6,2.0,2.5
1103,1.0,2.6,2.3333333333333335,2.0
1104,1.0,2.4,3.0,3.0
1105,0.0,3.4,1.3333333333333333,3.0
1106,0.0,3.2,2.6666666666666665,3.0
1107,1.0,2.4,1.0,3.5
1108,0.0,3.0,2.3333333333333335,2.0
1109,0.0,2.4,3.0,2.0
1110,0.0,3.4,1.6666666666666667,3.5
1111,0.0,2.8,2.3333333333333335,2.5
1112,1.0,3.0,3.0,2.5
1113,1.0,3.4,2.3333333333333335,3.0
1114,0.0,2.4,2.3333333333333335,2.5
1115,0.0,2.2,1.3333333333333333,2.5
1116,1.0,2.8,2.0,2.0
1117,0.0,2.2,1.6666666666666667,3.5
1118,1.0,2.2,2.3333333333333335,2.5
1119,0.0,2.2,1.3333333333333333,3.5
1120,1.0,2.6,2.0,2.5
1121,0.0,3.0,1.6666666666666667,2.5
1122,0.0,2.6,3.0,3.0
1123,0.0,3.0,2.6666666666666665,2.5
1124,0.0,2.2,1.3333333333333333,2.5
1125,1.0,2.2,1.3333333333333333,3.0
1126,1.0,1.8,2.0,2.5
1127,1.0,2.4,2.3333333333333335,2.5
1128,0.0,2.0,2.0,2.5
1129,0.0,3.4,2.0,4.0
1130,0.0,3.0,2.0,2.5
1131,1.0,2.8,1.6666666666666667,3.0
1132,1.0,1.6,2.3333333333333335,2.0
1133,0.0,3.2,2.3333333333333335,2.5
1134,0.0,3.2,2.6666666666666665,2.0
1135,0.0,2.6,2.6666666666666665,3.0
1136,0.0,3.6,2.3333333333333335,3.5
1137,1.0,2.6,3.0,2.0
1139,0.0,3.0,2.3333333333333335,3.0
1140,0.0,3.4,2.3333333333333335,3.0
1141,0.0,3.2,2.6666666666666665,2.0
1142,1.0,3.8,2.3333333333333335,3.0
1143,0.0,4.0,2.0,3.0
1144,0.0,2.8,1.6666666666666667,3.5
1145,0.0,1.8,3.0,2.5
1146,1.0,1.8,2.0,2.0
1147,0.0,2.4,2.6666666666666665,2.5
1148,0.0,2.6,2.0,3.0
1149,1.0,2.8,2.3333333333333335,2.5
1150,0.0,3.6,1.0,4.0
1151,0.0,3.2,2.0,3.0
1152,1.0,2.4,2.3333333333333335,1.5
1153,0.0,2.4,1.6666666666666667,3.0
1154,1.0,2.4,3.0,2.0
1155,0.0,1.8,2.3333333333333335,2.5
1156,1.0,3.6,1.0,4.0
1158,0.0,2.6,1.3333333333333333,3.5
1160,0.0,2.0,2.6666666666666665,2.5
1161,1.0,3.4,2.3333333333333335,3.0
1162,0.0,3.2,2.3333333333333335,3.0
1163,0.0,2.6,2.3333333333333335,2.0
1164,0.0,2.8,2.3333333333333335,3.0
1165,0.0,3.0,3.0,2.5
1166,0.0,2.6,2.3333333333333335,3.0
1167,0.0,2.8,2.0,3.0
1168,0.0,3.0,2.3333333333333335,2.0
1169,1.0,3.0,1.6666666666666667,3.5
1170,1.0,2.6,2.3333333333333335,4.0
1171,1.0,3.2,1.0,4.0
1172,0.0,2.6,2.3333333333333335,3.5
1174,0.0,3.0,1.0,3.5
1175,0.0,2.2,1.6666666666666667,3.0
1176,1.0,2.6,2.0,3.5
1177,0.0,2.4,2.0,2.5
1178,0.0,2.0,3.0,3.0
1179,0.0,2.2,1.6666666666666667,3.5
1180,1.0,2.2,2.6666666666666665,3.5
1182,0.0,3.2,2.3333333333333335,3.0
1183,1.0,2.6,2.6666666666666665,3.0
1184,0.0,3.2,2.3333333333333335,3.5
1185,0.0,2.6,2.0,1.0
1186,1.0,2.4,2.0,2.5
1187,0.0,2.0,2.3333333333333335,3.0
1189,0.0,3.0,1.6666666666666667,3.0
1190,0.0,2.6,2.0,3.0
1191,0.0,3.0,2.3333333333333335,4.0
1192,0.0,3.2,2.3333333333333335,2.5
1194,0.0,2.6,2.3333333333333335,2.0
1195,0.0,3.8,2.0,3.0
1196,0.0,2.8,2.6666666666666665,2.5
1197,0.0,2.0,2.0,3.0
1198,0.0,3.2,1.6666666666666667,3.5
1200,1.0,3.0,1.6666666666666667,4.0
1201,0.0,3.6,2.3333333333333335,4.0
1202,0.0,2.6,1.6666666666666667,3.5
1203,1.0,2.8,1.6666666666666667,3.0
1204,0.0,2.2,2.3333333333333335,2.5
1205,0.0,2.6,1.6666666666666667,2.5
1206,1.0,2.6,2.3333333333333335,2.0
1207,0.0,3.4,2.3333333333333335,2.5
1208,0.0,2.4,3.0,2.0
1209,0.0,2.6,2.3333333333333335,3.5
1210,0.0,3.2,2.3333333333333335,3.0
1212,0.0,2.6,3.0,2.5
1213,0.0,2.8,2.3333333333333335,2.5
1214,0.0,2.6,3.0,3.0
1215,0.0,2.8,2.0,3.0
1216,1.0,2.8,1.0,3.5
1217,0.0,2.6,2.3333333333333335,2.5
1218,0.0,2.8,3.0,2.0
1219,0.0,3.0,2.3333333333333335,2.0
1220,1.0,2.8,2.3333333333333335,3.0
1221,0.0,2.4,2.0,3.5
1222,0.0,1.2,2.3333333333333335,3.0
1224,0.0,2.8,2.3333333333333335,2.5
1225,1.0,2.8,1.0,3.0
1226,0.0,2.8,1.6666666666666667,3.5
1227,1.0,2.6,2.6666666666666665,2.5
1228,1.0,3.0,2.0,3.5
1229,1.0,2.8,1.0,2.0
1230,0.0,2.6,2.0,3.0
1232,1.0,3.2,1.0,3.5
1233,0.0,2.8,3.0,3.0
1234,0.0,2.4,3.0,2.5
1235,0.0,3.2,1.0,3.5
1236,0.0,3.0,1.3333333333333333,3.0
1237,0.0,3.2,2.3333333333333335,2.5
1238,0.0,2.0,2.3333333333333335,3.0
1239,0.0,2.8,2.0,3.0
1240,0.0,3.6,1.0,3.5
1242,1.0,3.0,1.6666666666666667,3.0
1243,0.0,3.0,2.3333333333333335,3.0
1245,0.0,2.4,2.3333333333333335,3.5
1246,1.0,2.0,1.0,4.0
1247,0.0,2.8,1.6666666666666667,2.5
1248,0.0,2.8,2.6666666666666665,2.5
1249,1.0,2.6,1.3333333333333333,3.0
1251,0.0,3.0,2.6666666666666665,3.0
1252,0.0,2.4,2.6666666666666665,3.0
1253,0.0,3.2,1.0,3.5
1254,0.0,2.4,2.0,2.0
1255,0.0,3.2,2.3333333333333335,3.0
1256,1.0,2.6,2.0,3.5
1257,0.0,3.0,2.0,3.0
1258,0.0,2.8,2.3333333333333335,2.5
1259,0.0,2.0,2.0,2.5
1260,0.0,2.6,3.3333333333333335,3.0
1261,1.0,3.2,1.0,3.5
1262,0.0,2.6,3.6666666666666665,4.0
1263,0.0,2.8,2.6666666666666665,2.5
1264,0.0,2.0,3.0,2.5
1265,0.0,2.8,2.3333333333333335,2.0
1266,0.0,3.6,1.0,3.0
1267,1.0,2.8,1.0,3.5
1268,0.0,2.6,2.6666666666666665,2.0
1269,1.0,2.8,2.3333333333333335,3.0
1270,0.0,2.0,3.0,3.0
1271,0.0,3.2,3.0,2.5
1272,0.0,2.8,2.3333333333333335,3.0
1274,0.0,2.8,1.6666666666666667,3.5
1275,0.0,2.4,1.0,2.5
1277,0.0,3.2,2.6666666666666665,2.5
1278,1.0,3.4,2.3333333333333335,2.0
1279,0.0,3.4,2.3333333333333335,3.0
1280,1.0,2.4,1.3333333333333333,2.0
1282,1.0,3.2,2.0,2.5
1283,0.0,2.6,2.3333333333333335,3.0
1284,0.0,3.0,1.6666666666666667,3.5
1285,0.0,2.6,1.6666666666666667,3.5
1286,0.0,2.0,2.3333333333333335,3.0
1287,1.0,2.8,1.6666666666666667,3.0
1288,0.0,2.8,2.6666666666666665,2.5
1290,0.0,3.2,2.0,3.0
1291,1.0,3.4,1.3333333333333333,3.5
1292,1.0,2.6,1.0,3.0
1294,0.0,2.4,1.6666666666666667,3.5
1295,0.0,2.8,2.3333333333333335,3.5
1296,0.0,3.0,2.6666666666666665,2.5
1297,0.0,2.8,1.3333333333333333,3.0
1298,0.0,3.0,1.6666666666666667,3.0
1299,0.0,2.6,2.3333333333333335,2.0
1300,0.0,3.4,2.6666666666666665,3.5
1301,0.0,2.6,2.3333333333333335,3.0
1302,0.0,2.6,2.6666666666666665,2.0
1303,1.0,2.2,2.0,3.0
1304,0.0,3.4,1.0,4.0
1305,1.0,2.0,1.3333333333333333,2.5
1306,1.0,2.0,2.0,3.0
1307,1.0,2.4,2.0,1.5
1308,0.0,2.4,1.3333333333333333,2.5
1309,0.0,3.4,1.3333333333333333,4.0
1310,0.0,2.8,2.3333333333333335,3.0
1311,0.0,2.2,2.6666666666666665,2.5
1312,0.0,2.8,1.6666666666666667,4.0
1313,0.0,4.0,1.3333333333333333,3.5
1314,0.0,3.4,2.3333333333333335,2.5
1315,1.0,2.8,1.6666666666666667,3.5
1316,0.0,1.8,1.3333333333333333,2.0
1317,0.0,2.4,2.3333333333333335,2.0
1318,1.0,3.2,1.3333333333333333,4.0
1319,0.0,3.4,2.0,4.0
1321,0.0,3.2,1.3333333333333333,3.5
1322,1.0,2.4,2.0,3.0
1323,1.0,3.0,1.3333333333333333,3.0
1325,0.0,2.6,2.3333333333333335,3.0
1326,0.0,2.4,1.3333333333333333,3.0
1327,0.0,3.4,1.6666666666666667,2.5
1328,1.0,2.8,1.3333333333333333,3.0
1329,0.0,2.6,2.6666666666666665,2.0
1330,0.0,3.8,3.0,1.0
1331,0.0,3.0,2.3333333333333335,2.5
1332,0.0,2.2,1.3333333333333333,3.5
1333,0.0,2.4,1.3333333333333333,3.5
1334,0.0,3.0,1.3333333333333333,4.0
1335,0.0,2.0,2.0,2.5
1337,0.0,2.4,2.3333333333333335,2.5
1338,1.0,2.4,1.6666666666666667,3.0
1339,0.0,2.6,3.3333333333333335,2.0
1340,0.0,2.6,1.6666666666666667,2.0
1341,0.0,2.0,2.0,2.0
1342,0.0,2.6,1.0,3.0
1343,0.0,3.6,1.6666666666666667,4.0
1344,0.0,3.0,2.3333333333333335,2.5
1345,0.0,2.6,2.6666666666666665,3.5
1346,1.0,2.6,1.6666666666666667,3.0
1347,0.0,2.8,2.3333333333333335,2.5
1348,0.0,2.6,3.0,2.5
1350,0.0,2.4,2.6666666666666665,2.0
1351,0.0,3.0,2.3333333333333335,2.0
1352,1.0,3.0,1.0,2.5
1353,1.0,3.0,1.0,4.0
1354,0.0,2.4,2.6666666666666665,2.5
1356,0.0,2.6,2.0,2.5
1357,1.0,4.0,2.3333333333333335,3.0
1358,1.0,2.8,1.6666666666666667,3.0
1359,1.0,2.8,2.0,3.0
1360,1.0,3.0,2.3333333333333335,3.0
1361,0.0,3.0,2.3333333333333335,3.0
1362,0.0,2.8,2.3333333333333335,2.5
1363,0.0,2.4,2.6666666666666665,2.0
1364,0.0,2.8,3.0,3.0
1365,0.0,2.8,2.3333333333333335,3.0
1366,0.0,3.0,2.3333333333333335,3.5
1367,0.0,2.8,2.3333333333333335,2.0
1368,0.0,3.0,2.3333333333333335,2.0
1369,0.0,3.0,2.3333333333333335,3.0
1370,1.0,3.0,1.0,3.5
1371,1.0,2.4,1.6666666666666667,3.0
1372,0.0,2.4,3.0,2.0
1373,0.0,2.8,3.0,3.0
1374,0.0,2.8,2.0,4.0
1376,1.0,2.6,2.3333333333333335,2.5
1377,0.0,3.8,1.6666666666666667,4.0
1378,1.0,2.8,1.6666666666666667,4.0
1379,0.0,2.8,2.0,2.5
1380,0.0,3.2,1.6666666666666667,3.5
1381,0.0,2.6,1.6666666666666667,2.5
1383,0.0,3.4,2.6666666666666665,3.0
1384,0.0,2.8,2.3333333333333335,2.0
1385,1.0,2.4,2.6666666666666665,3.5
1386,1.0,3.0,2.3333333333333335,3.0
1387,0.0,2.2,2.6666666666666665,2.0
1388,1.0,1.2,1.6666666666666667,4.0
1389,1.0,2.6,2.3333333333333335,2.5
1390,0.0,3.2,1.3333333333333333,3.5
1391,0.0,3.4,2.6666666666666665,2.0
1392,1.0,3.0,1.6666666666666667,3.5
1393,0.0,2.2,2.0,2.5
1394,0.0,3.8,1.3333333333333333,3.5
1396,0.0,2.4,2.3333333333333335,3.0
1398,0.0,2.2,2.0,4.0
1399,0.0,3.0,2.3333333333333335,1.0
1400,0.0,4.0,1.6666666666666667,3.0
1401,1.0,2.2,2.3333333333333335,2.0
1402,0.0,2.8,2.3333333333333335,2.5
1403,1.0,1.8,1.0,4.0
1404,0.0,1.4,2.3333333333333335,2.0
1405,1.0,2.8,2.6666666666666665,3.0
1406,0.0,2.2,2.3333333333333335,2.5
1407,1.0,2.6,1.3333333333333333,3.0
1408,0.0,3.2,2.0,3.0
1409,1.0,2.6,2.0,3.0
1410,1.0,3.0,1.0,4.0
1411,0.0,2.8,1.6666666666666667,3.0
1412,1.0,2.6,2.3333333333333335,2.5
1413,0.0,2.2,2.3333333333333335,2.5
1414,0.0,2.8,2.3333333333333335,3.0
1415,0.0,2.6,1.6666666666666667,3.0
1416,0.0,2.8,2.0,2.0
1417,1.0,3.2,2.0,3.0
1418,0.0,2.6,2.0,2.5
1419,0.0,2.6,2.0,4.0
1420,0.0,3.6,3.0,3.5
1421,0.0,2.4,1.0,4.0
1423,0.0,2.0,1.3333333333333333,3.5
1424,0.0,3.4,2.6666666666666665,2.0
1425,0.0,2.8,2.6666666666666665,2.5
1426,0.0,2.4,2.3333333333333335,2.0
1427,1.0,2.8,3.0,2.0
1428,0.0,3.2,2.6666666666666665,2.5
1429,1.0,2.0,2.6666666666666665,3.0
1430,1.0,3.2,2.6666666666666665,3.5
1431,0.0,3.0,1.6666666666666667,3.0
1432,0.0,2.4,2.6666666666666665,2.5
1433,0.0,2.8,2.0,3.0
1434,0.0,2.4,3.0,3.0
1435,0.0,2.0,3.0,2.0
1436,1.0,3.0,1.0,2.0
1437,0.0,2.2,2.3333333333333335,2.0
1438,0.0,2.4,2.3333333333333335,3.0
1439,1.0,2.4,1.0,2.5
1440,0.0,2.6,3.0,2.5
1442,0.0,3.6,3.0,2.5
1443,0.0,3.4,1.3333333333333333,3.5
1444,0.0,2.4,2.3333333333333335,4.0
1445,1.0,2.8,1.3333333333333333,3.5
1446,0.0,3.0,2.3333333333333335,3.0
1447,1.0,3.4,2.0,4.0
1448,0.0,2.8,2.3333333333333335,3.5
1449,1.0,2.2,2.3333333333333335,3.5
1450,0.0,2.8,2.3333333333333335,2.0
1451,1.0,3.6,1.0,3.5
1453,0.0,2.8,2.3333333333333335,2.5
1454,0.0,2.4,2.3333333333333335,3.5
1455,0.0,3.2,2.3333333333333335,3.0
1456,0.0,3.2,2.0,3.5
1457,0.0,2.6,2.3333333333333335,2.5
1459,0.0,1.8,2.3333333333333335,3.0
1460,0.0,2.8,2.6666666666666665,2.5
1462,0.0,3.0,1.3333333333333333,3.5
1464,1.0,2.4,1.6666666666666667,3.0
1465,0.0,4.0,2.6666666666666665,3.0
1466,1.0,2.8,1.3333333333333333,4.0
1467,0.0,2.8,2.6666666666666665,3.0
1468,0.0,2.6,3.0,2.5
1469,1.0,2.8,1.3333333333333333,1.0
1470,1.0,2.8,1.6666666666666667,3.5
1471,0.0,2.8,1.0,3.0
1472,0.0,3.0,1.0,3.5
1473,0.0,3.6,2.6666666666666665,2.5
1474,0.0,2.8,3.0,2.0
1476,1.0,3.2,1.0,4.0
1477,1.0,2.2,2.0,2.0
1478,0.0,3.0,3.3333333333333335,2.0
1479,1.0,3.2,2.6666666666666665,3.5
1480,0.0,2.8,3.0,2.0
1481,0.0,2.4,2.3333333333333335,2.5
1482,1.0,2.6,1.0,3.0
1483,1.0,2.2,1.0,3.5
1485,1.0,3.2,1.3333333333333333,3.5
1486,0.0,3.0,2.0,3.0
1487,0.0,2.4,1.6666666666666667,3.5
1488,0.0,2.4,2.0,1.5
1489,0.0,3.2,3.3333333333333335,2.5
1490,0.0,2.8,2.3333333333333335,2.5
1491,0.0,2.0,2.6666666666666665,3.5
1492,0.0,2.6,3.0,2.5
1493,1.0,3.0,1.3333333333333333,3.0
1494,1.0,2.8,2.6666666666666665,2.0
1495,0.0,3.4,3.0,2.5
1496,0.0,3.0,1.3333333333333333,3.0
1497,0.0,2.0,1.6666666666666667,2.5
1498,0.0,2.4,2.0,3.0
1499,1.0,2.8,1.6666666666666667,3.0
1500,1.0,3.0,2.0,4.0
1501,1.0,3.4,2.0,2.5
1502,1.0,2.2,2.3333333333333335,2.0
1503,0.0,3.4,2.3333333333333335,4.0
1505,1.0,2.4,3.0,2.5
1506,1.0,2.2,1.6666666666666667,4.0
1509,0.0,2.2,2.3333333333333335,2.5
1510,0.0,3.0,3.0,3.0
1511,0.0,3.2,2.6666666666666665,3.5
1512,1.0,2.8,2.3333333333333335,3.0
1513,0.0,3.4,2.6666666666666665,3.0
1514,1.0,3.8,3.0,2.5
1517,1.0,2.4,2.3333333333333335,2.5
1518,0.0,2.8,2.3333333333333335,2.5
1519,0.0,2.8,2.3333333333333335,2.5
1520,0.0,2.6,2.3333333333333335,3.0
1521,0.0,3.2,1.6666666666666667,3.5
1522,0.0,3.2,1.0,3.5
1523,0.0,3.2,2.0,2.0
1524,0.0,1.4,2.0,2.5
1525,0.0,3.0,2.0,2.5
1526,1.0,2.6,2.0,3.0
1527,0.0,3.4,1.3333333333333333,3.5
1528,0.0,2.6,1.6666666666666667,3.0
1529,0.0,3.0,2.0,2.5
1530,1.0,2.4,1.0,3.0
1531,0.0,3.2,3.6666666666666665,2.0
1532,0.0,2.2,2.3333333333333335,3.0
1533,1.0,3.8,1.3333333333333333,3.0
1534,1.0,2.0,2.0,2.5
1535,1.0,3.0,2.0,3.0
1536,1.0,2.8,2.3333333333333335,3.5
1537,1.0,2.6,2.3333333333333335,2.0
1538,0.0,2.8,2.3333333333333335,2.0
1539,0.0,2.6,2.6666666666666665,3.0
1541,0.0,2.4,1.6666666666666667,3.5
1542,1.0,2.4,2.6666666666666665,2.0
1543,1.0,2.6,3.3333333333333335,2.0
1544,0.0,2.6,2.0,3.0
1545,0.0,3.0,3.0,2.0
1546,0.0,2.6,2.6666666666666665,3.0
1547,1.0,2.8,1.0,3.5
1548,1.0,2.8,2.3333333333333335,2.5
1549,0.0,2.6,2.6666666666666665,2.5
1550,1.0,3.6,3.3333333333333335,4.0
1551,0.0,2.6,3.3333333333333335,3.0
1552,1.0,3.2,2.6666666666666665,2.5
1553,1.0,2.2,2.6666666666666665,2.0
1554,1.0,2.8,1.0,2.5
1555,1.0,2.8,2.3333333333333335,2.5
1557,1.0,3.2,2.3333333333333335,2.0
1558,1.0,2.8,1.3333333333333333,3.5
1559,1.0,2.2,1.6666666666666667,2.5
1561,0.0,2.6,1.0,1.0
1562,0.0,2.8,3.3333333333333335,3.0
1563,1.0,3.4,1.0,4.0
1566,0.0,1.8,2.6666666666666665,2.0
1567,1.0,2.6,2.3333333333333335,3.5
1568,1.0,3.4,1.0,3.0
1569,0.0,2.4,2.6666666666666665,2.5
1571,0.0,3.2,2.6666666666666665,3.0
1573,0.0,2.2,2.3333333333333335,3.0
1574,1.0,3.0,2.0,2.5
1575,0.0,3.4,2.6666666666666665,2.5
1577,0.0,2.0,1.6666666666666667,4.0
1579,1.0,3.2,1.3333333333333333,3.5
1580,0.0,3.2,2.3333333333333335,3.0
1581,1.0,2.8,2.3333333333333335,2.0
1582,1.0,3.4,2.3333333333333335,2.5
1584,0.0,2.8,1.6666666666666667,2.5
1585,0.0,3.6,3.0,3.0
1587,0.0,2.8,2.3333333333333335,2.5
1588,0.0,2.0,1.6666666666666667,3.0
1589,1.0,1.6,1.3333333333333333,3.0
1590,0.0,3.0,3.0,3.0
1591,1.0,3.0,2.0,2.0
1593,0.0,2.6,2.3333333333333335,2.5
1594,0.0,3.0,2.3333333333333335,3.0
1595,1.0,3.0,1.6666666666666667,3.0
1596,0.0,3.6,2.3333333333333335,3.0
1597,0.0,3.6,2.3333333333333335,2.5
1598,0.0,2.6,1.0,1.0
1599,0.0,3.8,2.3333333333333335,4.0
1600,1.0,3.2,1.6666666666666667,3.5
1601,1.0,2.4,1.3333333333333333,3.5
1602,1.0,3.2,1.3333333333333333,3.5
1603,1.0,3.4,1.6666666666666667,2.0
1604,0.0,2.4,2.0,2.0
1605,0.0,2.4,2.6666666666666665,2.0
1606,0.0,2.8,2.0,2.0
1607,0.0,2.8,3.3333333333333335,2.5
1610,0.0,2.8,2.3333333333333335,3.0
1612,1.0,3.8,1.6666666666666667,4.0
1613,1.0,3.6,1.3333333333333333,3.5
1614,1.0,3.4,2.3333333333333335,3.0
1615,1.0,3.4,2.0,3.0
1616,0.0,2.4,3.3333333333333335,3.0
1617,0.0,3.0,2.3333333333333335,2.0
1618,1.0,2.2,2.3333333333333335,2.5
1619,0.0,2.8,2.3333333333333335,2.5
1620,0.0,2.6,2.3333333333333335,3.5
1622,0.0,2.6,3.0,2.5
1623,0.0,3.6,2.6666666666666665,3.0
1624,0.0,2.8,2.6666666666666665,3.0
1625,0.0,3.2,2.3333333333333335,2.0
1626,1.0,2.6,2.3333333333333335,2.5
1627,0.0,3.8,3.0,3.0
1628,0.0,2.8,2.3333333333333335,3.5
1629,1.0,3.4,1.3333333333333333,3.5
1630,0.0,3.0,1.6666666666666667,3.0
1631,1.0,3.2,1.0,2.5
1632,0.0,3.0,3.3333333333333335,2.0
1633,1.0,3.0,2.0,3.0
1634,1.0,2.6,2.3333333333333335,2.5
1635,0.0,2.0,2.0,3.0
1636,1.0,3.4,1.3333333333333333,4.0
1637,1.0,3.0,1.0,4.0
1638,0.0,2.0,2.6666666666666665,3.0
1639,0.0,2.8,2.3333333333333335,3.0
1640,0.0,2.4,2.3333333333333335,3.0
1641,1.0,2.8,2.0,4.0
1642,0.0,2.4,2.6666666666666665,2.0
1643,0.0,2.6,2.3333333333333335,3.5
1644,0.0,2.8,1.0,3.5
1645,1.0,2.6,2.0,3.5
1646,0.0,2.8,3.0,2.0
1647,0.0,2.4,3.0,2.0
1648,0.0,2.4,2.6666666666666665,1.5
1649,0.0,2.8,2.0,3.5
1650,0.0,3.4,2.0,3.0
1651,0.0,2.4,1.0,2.0
1652,0.0,2.6,3.0,2.0
1653,1.0,2.6,2.6666666666666665,3.5
1654,1.0,3.0,1.3333333333333333,3.0
1655,0.0,3.0,2.3333333333333335,2.5
1656,1.0,2.4,1.6666666666666667,3.0
1657,1.0,2.2,2.0,3.5
1658,0.0,2.8,2.0,4.0
1659,0.0,2.6,1.6666666666666667,2.5
1660,0.0,2.8,2.3333333333333335,3.0
1661,1.0,3.0,2.6666666666666665,3.0
1662,1.0,3.0,1.0,3.0
1663,0.0,3.0,3.0,1.5
1664,0.0,2.8,1.3333333333333333,4.0
1665,0.0,2.8,1.3333333333333333,3.5
1666,0.0,2.8,2.6666666666666665,3.5
1667,0.0,2.6,1.6666666666666667,3.5
1668,0.0,3.0,1.3333333333333333,4.0
1669,0.0,3.0,1.6666666666666667,2.0
1670,1.0,3.2,1.3333333333333333,4.0
1671,1.0,2.8,1.6666666666666667,3.5
1672,0.0,3.0,1.0,3.5
1674,0.0,3.0,2.6666666666666665,2.0
1675,0.0,2.8,1.3333333333333333,3.0
1676,1.0,2.2,2.3333333333333335,3.0
1677,1.0,3.0,2.3333333333333335,3.0
1678,1.0,3.2,2.3333333333333335,3.0
1679,0.0,2.4,2.0,3.0
1680,0.0,3.6,1.6666666666666667,2.5
1682,0.0,3.4,1.0,1.5
1683,0.0,2.8,2.3333333333333335,3.0
1684,0.0,4.0,1.0,4.0
1685,0.0,3.2,2.6666666666666665,1.0
1686,0.0,2.6,2.3333333333333335,3.0
1687,0.0,2.6,2.0,3.0
1688,1.0,3.4,1.0,3.5
1689,0.0,2.4,2.3333333333333335,2.0
1690,0.0,3.0,2.3333333333333335,3.5
1691,0.0,2.6,2.3333333333333335,2.5
1692,0.0,2.6,2.0,2.5
1693,0.0,2.8,2.3333333333333335,2.5
1694,1.0,3.0,1.6666666666666667,2.5
1696,1.0,2.6,1.3333333333333333,3.5
1697,0.0,3.0,2.3333333333333335,2.0
1698,0.0,2.2,2.3333333333333335,2.5
1699,0.0,3.4,2.3333333333333335,1.5
1700,0.0,2.6,2.3333333333333335,2.5
1701,1.0,2.4,1.3333333333333333,3.0
1702,1.0,2.2,1.3333333333333333,3.0
1703,1.0,2.8,1.0,4.0
1704,0.0,3.6,1.3333333333333333,4.0
1705,0.0,3.0,3.3333333333333335,1.0
1706,0.0,2.6,2.0,3.0
1707,0.0,2.2,2.0,3.5
1708,0.0,3.2,1.6666666666666667,2.5
1709,0.0,3.2,2.6666666666666665,3.0
1710,0.0,2.8,2.0,3.5
1711,0.0,3.0,2.6666666666666665,2.0
1712,0.0,2.6,2.0,2.5
1713,0.0,2.0,2.6666666666666665,2.5
1715,0.0,1.6,2.3333333333333335,3.0
1716,0.0,2.4,2.3333333333333335,3.0
1717,0.0,2.2,2.6666666666666665,2.0
1719,0.0,2.4,2.3333333333333335,2.5
1720,0.0,3.8,2.6666666666666665,2.0
1721,0.0,4.0,2.6666666666666665,2.0
1722,0.0,2.6,2.6666666666666665,3.5
1723,0.0,3.0,2.3333333333333335,1.5
1724,0.0,2.4,1.6666666666666667,3.5
1725,0.0,2.2,2.6666666666666665,2.0
1726,0.0,2.6,2.6666666666666665,2.0
1727,0.0,3.0,3.0,2.0
1728,0.0,2.6,2.6666666666666665,2.0
1729,0.0,2.6,3.0,3.0
1730,0.0,3.0,2.6666666666666665,2.5
1731,0.0,2.2,2.0,3.0
1732,1.0,2.4,2.0,2.5
1733,0.0,2.2,2.0,3.0
1734,0.0,2.2,1.3333333333333333,2.5
1735,0.0,2.2,2.6666666666666665,2.0
1736,0.0,3.0,3.0,2.0
1737,1.0,2.8,1.3333333333333333,3.5
1738,0.0,3.0,2.3333333333333335,3.0
1739,0.0,3.0,2.3333333333333335,2.0
1740,0.0,3.6,2.3333333333333335,2.0
1741,1.0,3.0,1.3333333333333333,3.5
1742,1.0,2.6,2.0,3.0
1743,0.0,3.0,1.6666666666666667,3.0
1744,0.0,2.2,3.0,2.0
1745,1.0,2.8,1.6666666666666667,2.5
1746,1.0,2.6,2.3333333333333335,3.5
1747,1.0,2.2,2.3333333333333335,2.0
1748,0.0,3.2,3.3333333333333335,2.0
1749,1.0,2.6,2.3333333333333335,3.5
1750,1.0,2.2,1.6666666666666667,2.5
1751,0.0,3.0,2.3333333333333335,3.0
1752,0.0,2.4,2.3333333333333335,2.5
1754,1.0,2.4,2.3333333333333335,2.0
1755,0.0,3.6,2.3333333333333335,1.0
1756,0.0,2.6,1.3333333333333333,3.5
1757,0.0,3.0,2.6666666666666665,2.5
1758,0.0,2.6,1.0,4.0
1759,0.0,3.6,3.6666666666666665,2.0
1760,0.0,3.2,2.0,2.0
1761,1.0,1.4,2.0,2.0
1762,1.0,2.8,3.0,2.5
1763,0.0,2.8,1.6666666666666667,2.5
1764,1.0,3.8,1.6666666666666667,3.0
1765,0.0,2.6,1.6666666666666667,2.5
1766,0.0,2.6,2.6666666666666665,2.5
1767,0.0,3.0,1.3333333333333333,2.5
1768,0.0,4.0,1.3333333333333333,3.5
1769,1.0,2.4,1.6666666666666667,3.5
1770,1.0,2.8,2.0,3.0
1771,0.0,2.8,2.6666666666666665,3.0
1772,1.0,2.6,2.0,2.0
1773,0.0,2.4,2.3333333333333335,2.0
1774,0.0,2.8,2.6666666666666665,2.5
1775,0.0,3.6,1.6666666666666667,3.5
1776,1.0,2.8,1.6666666666666667,3.0
1777,1.0,2.4,1.3333333333333333,3.0
1778,1.0,2.2,2.6666666666666665,2.0
1779,0.0,2.6,2.6666666666666665,2.0
1780,0.0,2.8,2.3333333333333335,2.0
1782,0.0,2.2,2.3333333333333335,4.0
1783,0.0,2.4,1.3333333333333333,4.0
1784,1.0,2.0,2.0,3.5
1785,0.0,2.4,2.6666666666666665,2.5
1786,1.0,3.0,1.6666666666666667,3.0
1788,1.0,4.0,1.0,3.0
1790,1.0,3.4,1.0,4.0
1791,0.0,3.4,1.6666666666666667,3.0
1792,1.0,2.8,1.3333333333333333,2.5
1793,0.0,2.4,2.6666666666666665,3.5
1794,0.0,2.8,1.6666666666666667,4.0
1795,0.0,3.0,1.6666666666666667,3.0
1796,1.0,3.0,1.3333333333333333,2.5
1797,0.0,2.8,3.0,2.0
1799,1.0,2.8,1.6666666666666667,2.0
1800,0.0,2.6,2.0,2.0
1801,1.0,3.2,1.0,4.0
1803,1.0,2.2,2.3333333333333335,3.0
1806,1.0,2.2,2.6666666666666665,2.0
1807,1.0,3.4,2.0,3.0
1808,1.0,2.6,3.0,3.0
1809,0.0,2.0,2.0,2.0
1811,1.0,3.4,1.6666666666666667,3.0
1812,0.0,2.0,2.6666666666666665,2.0
1813,1.0,2.8,2.6666666666666665,2.5
1815,0.0,3.0,1.6666666666666667,4.0
1816,0.0,2.8,2.3333333333333335,3.0
1817,0.0,3.2,3.0,3.0
1818,1.0,2.8,1.6666666666666667,4.0
1819,0.0,3.2,2.6666666666666665,2.5
1820,1.0,3.8,2.3333333333333335,1.5
1821,1.0,2.8,2.0,4.0
1822,0.0,2.2,1.6666666666666667,3.0
1823,1.0,3.0,2.0,2.5
1824,1.0,2.6,2.3333333333333335,3.0
1825,0.0,3.6,1.0,2.5
1826,0.0,2.4,2.6666666666666665,2.5
1827,0.0,3.0,1.6666666666666667,3.5
1828,1.0,2.6,2.0,3.0
1829,1.0,3.0,2.0,1.0
1830,0.0,2.6,2.0,2.5
1831,0.0,3.2,2.6666666666666665,2.5
1832,0.0,3.6,2.3333333333333335,3.0
1833,1.0,2.8,2.0,3.5
1834,1.0,3.2,1.0,3.5
1836,0.0,3.4,2.3333333333333335,3.0
1837,0.0,3.2,2.3333333333333335,2.5
1838,0.0,1.8,4.0,2.5
1839,1.0,3.2,1.3333333333333333,3.0
1841,0.0,3.4,2.6666666666666665,3.0
1842,0.0,2.4,2.3333333333333335,2.5
1843,0.0,3.6,2.6666666666666665,2.0
1844,0.0,2.6,3.0,2.0
1845,0.0,2.4,2.3333333333333335,2.0
1846,0.0,2.8,1.6666666666666667,3.5
1847,1.0,2.6,2.0,3.5
1848,0.0,3.0,1.0,4.0
1849,1.0,2.8,2.3333333333333335,2.5
1852,0.0,3.0,2.6666666666666665,2.5
1853,1.0,2.8,2.6666666666666665,3.5
1855,0.0,2.8,1.3333333333333333,3.5
1856,0.0,2.6,2.0,3.5
1857,0.0,3.0,3.0,2.5
1858,0.0,2.8,2.0,3.0
1859,0.0,2.8,2.0,4.0
1860,0.0,2.4,2.3333333333333335,2.0
1861,0.0,2.4,1.6666666666666667,3.5
1862,0.0,2.0,2.3333333333333335,3.0
1863,1.0,2.6,1.6666666666666667,4.0
1865,0.0,3.0,2.3333333333333335,3.0
1866,1.0,2.6,1.3333333333333333,3.0
1868,1.0,1.0,2.6666666666666665,2.5
1869,0.0,2.8,2.3333333333333335,2.5
1870,0.0,2.6,2.3333333333333335,2.0
1872,1.0,2.8,2.3333333333333335,2.5
1873,0.0,2.8,2.3333333333333335,2.5
1874,1.0,3.0,2.0,3.5
1875,0.0,2.0,1.3333333333333333,3.0
1876,0.0,3.0,3.0,3.5
1878,1.0,3.0,2.0,3.0
1880,0.0,2.4,2.3333333333333335,2.0
1881,0.0,2.8,3.0,3.5
1882,0.0,3.4,2.3333333333333335,2.5
1884,0.0,2.6,3.0,2.0
1885,0.0,2.4,2.3333333333333335,2.5
1886,0.0,2.2,2.6666666666666665,2.0
1887,0.0,2.8,2.3333333333333335,1.5
1888,1.0,2.0,2.0,3.5
1889,1.0,2.6,2.0,3.5
1890,0.0,3.2,2.3333333333333335,3.0
1891,1.0,2.0,1.6666666666666667,3.0
1892,0.0,2.2,2.6666666666666665,3.0
1893,0.0,3.0,2.6666666666666665,2.5
1894,1.0,3.4,2.6666666666666665,3.0
1895,1.0,3.8,1.3333333333333333,4.0
1897,1.0,2.4,2.3333333333333335,2.0
1898,1.0,2.6,2.6666666666666665,2.5
1899,0.0,3.0,1.0,4.0
1900,1.0,1.6,2.0,2.0
1902,1.0,3.0,2.3333333333333335,3.0
1905,1.0,2.2,2.0,2.5
1906,0.0,2.8,1.6666666666666667,2.5
1907,0.0,3.2,2.0,3.5
1908,0.0,3.0,1.6666666666666667,3.5
1909,1.0,2.6,1.3333333333333333,3.5
1910,0.0,3.8,2.6666666666666665,2.5
1911,0.0,2.4,2.0,4.0
1912,1.0,2.2,1.6666666666666667,2.0
1913,1.0,2.4,1.3333333333333333,3.0
1914,0.0,3.0,1.0,4.0
1915,1.0,2.4,1.0,3.0
1916,1.0,2.6,1.3333333333333333,3.5
1917,0.0,3.4,2.0,2.5
1918,0.0,3.2,1.6666666666666667,4.0
1919,0.0,3.4,3.0,3.0
1920,0.0,3.2,2.3333333333333335,3.0
1921,0.0,3.8,1.0,4.0
1922,1.0,3.2,1.3333333333333333,3.5
1923,0.0,3.2,1.0,2.5
1924,0.0,3.4,2.3333333333333335,2.5
1925,0.0,2.4,2.3333333333333335,2.0
1926,1.0,2.6,1.0,3.0
1927,0.0,3.0,2.6666666666666665,2.5
1928,0.0,2.2,2.3333333333333335,2.5
1929,1.0,3.0,2.3333333333333335,3.5
1932,0.0,2.6,2.0,3.0
1933,0.0,3.2,1.0,2.0
1934,0.0,2.2,1.6666666666666667,2.0
1936,0.0,2.6,1.6666666666666667,3.0
1937,1.0,2.6,1.6666666666666667,3.5
1938,1.0,3.2,2.0,3.0
1939,0.0,2.8,1.6666666666666667,3.0
1940,1.0,2.8,1.3333333333333333,3.0
1941,0.0,3.2,1.6666666666666667,4.0
1943,1.0,2.4,1.6666666666666667,3.0
1944,1.0,2.8,2.0,3.0
1945,0.0,3.6,1.6666666666666667,3.5
1947,0.0,2.6,3.0,3.0
1948,0.0,1.6,2.3333333333333335,2.0
1949,0.0,2.6,2.6666666666666665,2.0
1950,0.0,2.6,3.3333333333333335,2.0
1952,0.0,2.6,3.0,3.0
1953,0.0,2.4,2.0,2.5
1955,1.0,3.4,1.0,4.0
1956,1.0,2.6,1.0,3.0
1957,0.0,4.0,2.0,4.0
1958,0.0,3.0,2.6666666666666665,3.0
1959,1.0,2.8,2.0,3.5
1961,0.0,1.0,1.3333333333333333,4.0
1962,0.0,1.8,2.3333333333333335,2.0
1963,0.0,2.4,2.3333333333333335,3.5
1964,1.0,1.8,1.3333333333333333,2.0
1965,1.0,2.4,2.3333333333333335,2.0
1966,1.0,2.6,2.0,3.0
1967,1.0,3.2,2.3333333333333335,3.0
1969,0.0,2.8,3.0,3.0
1970,0.0,1.6,1.3333333333333333,2.0
1972,1.0,2.6,2.3333333333333335,2.5
1973,1.0,3.8,1.3333333333333333,3.0
1974,0.0,3.0,2.6666666666666665,2.0
1975,1.0,3.2,2.0,3.0
1976,1.0,2.0,3.0,2.0
1977,1.0,2.4,2.3333333333333335,3.5
1978,0.0,3.0,3.0,2.5
1979,0.0,3.2,1.6666666666666667,3.0
1980,0.0,2.0,2.3333333333333335,2.0
1981,0.0,2.2,2.6666666666666665,2.5
1982,0.0,2.2,1.3333333333333333,2.0
1983,1.0,2.6,1.0,2.5
1985,1.0,3.0,2.0,2.0
1986,1.0,3.0,1.3333333333333333,4.0
1987,0.0,3.0,2.3333333333333335,2.0
1988,0.0,2.6,2.3333333333333335,2.5
1989,0.0,3.4,3.0,3.0
1990,1.0,3.4,1.6666666666666667,4.0
1991,1.0,2.0,2.0,2.5
1992,1.0,3.0,2.3333333333333335,2.0
1993,0.0,3.2,2.0,3.5
1994,0.0,3.2,2.0,2.0
1995,1.0,3.2,2.3333333333333335,3.5
1996,1.0,3.4,3.0,3.5
1997,0.0,3.2,3.0,2.5
1998,0.0,3.2,1.6666666666666667,3.0
1999,0.0,3.8,3.0,3.0
2000,0.0,3.0,2.0,3.0
2001,0.0,3.2,3.0,3.0
2002,1.0,2.6,2.6666666666666665,2.5
2003,0.0,2.8,2.6666666666666665,2.5
2004,1.0,2.0,1.3333333333333333,2.5
2006,0.0,2.8,3.0,2.0
2007,0.0,2.0,2.3333333333333335,2.5
2008,1.0,2.0,1.6666666666666667,2.5
2009,1.0,3.0,1.0,4.0
2010,1.0,3.6,2.0,3.5
2011,1.0,2.0,2.0,2.5
2012,0.0,2.8,2.3333333333333335,2.5
2013,1.0,2.8,1.6666666666666667,2.5
2014,1.0,3.4,2.0,3.0
2015,1.0,2.8,1.3333333333333333,2.0
2016,0.0,2.8,2.6666666666666665,2.5
2017,0.0,2.8,2.3333333333333335,2.0
2018,0.0,3.4,2.0,3.5
2019,0.0,2.6,3.0,2.0
2020,1.0,2.0,2.0,4.0
2021,0.0,2.6,2.3333333333333335,3.0
2022,1.0,3.6,2.6666666666666665,3.5
2023,0.0,2.4,3.3333333333333335,3.0
2025,1.0,2.2,3.0,2.0
2026,1.0,2.8,1.0,2.0
2027,1.0,2.0,2.6666666666666665,2.0
2028,0.0,3.4,1.3333333333333333,4.0
2030,0.0,2.4,2.3333333333333335,2.0
2031,0.0,2.8,2.6666666666666665,2.0
2032,0.0,2.4,2.3333333333333335,3.0
2033,0.0,3.2,2.0,2.0
2035,0.0,3.0,2.3333333333333335,3.0
2036,0.0,2.6,2.0,3.0
2037,1.0,3.2,3.0,3.0
2038,1.0,3.2,2.0,4.0
2039,1.0,2.4,2.0,3.0
2040,0.0,2.4,1.3333333333333333,1.0
2041,1.0,3.0,2.3333333333333335,3.0
2042,0.0,2.8,2.6666666666666665,2.5
2043,1.0,2.4,3.0,1.5
2044,1.0,3.2,2.0,3.5
2045,0.0,2.4,2.3333333333333335,3.0
2046,0.0,3.0,1.6666666666666667,3.0
2047,0.0,3.2,2.0,3.0
2048,0.0,2.6,1.6666666666666667,3.0
2049,0.0,3.0,2.0,3.0
2050,0.0,2.8,2.0,2.5
2051,0.0,3.4,2.3333333333333335,3.5
2052,0.0,2.4,2.3333333333333335,2.5
2053,0.0,2.6,3.3333333333333335,2.0
